Auction Date,Time,Status,Address,City,State,Zip Code
2017-12-07,10:00 AM - 11:00 AM,CANCELED Book 2977 at Page 842 Map,169 Calef Hill Road,Tilton,NH,03276
2017-12-07,11:00 AM - 12:00 PM,Continued to January 18 at 4 PM,301 Shaw Road,Northfield,NH,03276
2017-12-07,2:00 PM - 3:00 PM,CANCELED Book 5107 at Page 68 Map Photo not found,11 Drake Lane,Derry,NH,03038
2017-12-07,3:00 PM - 4:00 PM,CANCELED Book 4457 at Page 0921 Map,39 Moulton Avenue,Greenland,NH,03840
2017-12-12,12:00 PM - 1:00 PM,Currently going forward Map,51 Pleasant St,Uxbridge,MA,01569
2017-12-12,1:00 PM - 2:00 PM,Currently going forward Map,841 Guelphwood Rd,Southbridge,MA,01550
2017-12-12,2:00 PM - 3:00 PM,Currently going forward Book 36462 at Page 231 Map,576 Chandler St,Worcester,MA,01602
2017-12-12,3:00 PM - 4:00 PM,Currently going forward Book 28905 at Page 35 Map,128 Austin Street,Worcester,MA,01609
2017-12-13,9:00 AM - 10:00 AM,Continued to Date TBA Book 19517 at Page 466 Map,"35 Des Moines Road,  Unit 208",Quincy,MA,02169
2017-12-13,10:00 AM - 11:00 AM,CANCELED Book 21489 at Page 90 Map,48 Sumner Ave,Braintree,,MAÂ 02184
2017-12-13,11:00 AM - 12:00 PM,Currently going forward Map,6 Coggeshall Way,Middletown,RI,02842
2017-12-13,12:00 PM - 1:00 PM,Currently going forward Map,21 Harvey Street,Everett,MA,02149
2017-12-13,1:00 PM - 2:00 PM,Continued to January 8 at 2 PM Book 22251 at Page 79 Map,45 Hanover Street,Lynn,MA,01902
2017-12-13,2:00 PM - 3:00 PM,Currently going forward Book 12357 at Page 321 Map,"900 Brookside Drive,  Unit 900G",Andover,MA,01810
2017-12-13,4:00 PM - 5:00 PM,Currently going forward Book 1902 at Page 0231 Map,22 Foxglove Lane,Swanzey,NH,03446
2017-12-14,12:00 PM - 1:00 PM,Currently going forward Book 2657 at Page 582 Map,122 Keyser Road,Center Harbor,NH,03226
2017-12-14,2:00 PM - 3:00 PM,Currently going forward Book 119 at Page 83 Map Photo not found,1138 Kidder Rd,Bradford,VT,05033
2017-12-14,4:00 PM - 5:00 PM,Currently going forward Book 32A at Page 281-289 Map Photo not found,4068 VT Route 105,Newport,VT,05857
2017-12-15,12:00 PM - 1:00 PM,Currently going forward Book 136 at Page 224 Map,5473 Willoughby Lake Road,Barton,VT,05822
2017-12-15,1:00 PM - 2:00 PM,Currently going forward Book 131 at Page 122 Map Photo not found,5537 Garfield Road,Wolcott,VT,05680
2017-12-15,2:00 PM - 3:00 PM,Currently going forward Book 678 at Page 299 Map,399 Sugar House Road,Stowe,VT,05672
2017-12-06,5:00 PM - 6:00 PM,Currently going forward,9 Daniels Avenue,Pittsfield,MA,01201
2017-12-06,4:00 PM - 5:00 PM,Currently going forward,56 Baker Street Exd,Lanesborough,MA,01237
2017-12-06,3:00 PM - 4:00 PM,Currently going forward,119-121 Robbins Ave,Pittsfield,MA,01201
2017-12-06,2:00 PM - 3:00 PM,Currently going forward,70 S John St,Pittsfield,MA,01201
2017-12-06,1:00 PM - 2:00 PM,Currently going forward Book 6271 at Page 225 Map,266 Vineyard Road,Warwick,RI,02889
2017-12-06,12:00 PM - 1:00 PM,CANCELED Book 13802 at Page 436 Map Photo not found,1350 Wilbraham Rd,Springfield,MA,01119
2017-12-06,11:00 AM - 12:00 PM,CANCELED Book 3233 at Page 167 Map,41 Rawlinson Ave,Cranston,RI,02920
2017-12-06,10:00 AM - 11:00 AM,CANCELED Book 4867 at Page 127 Map,131 Lockes Village Road,Wendell,MA,01379
2017-12-06,10:00 AM - 11:00 AM,CANCELED Book 1455 at Page 215 Map,12 Loring Dr,Lincoln,RI,02865
2017-12-05,3:00 PM - 4:00 PM,Currently going forward Book 437 at Page 774 Map Photo not found,41 Old Hopkinton Cemetery Rd,Ashaway,RI,02804
2017-12-05,2:00 PM - 3:00 PM,Currently going forward Book 1494 at Page 27 Map,31 1/2 Pleasant St,Westerly,RI,02891
2017-12-05,12:00 PM - 1:00 PM,Currently going forward Book 1490 at Page 247 Map Photo not found,61 N Woody Hill Rd,Bradford,RI,02808
2017-12-05,10:00 AM - 11:00 AM,Currently going forward,119 Burt St,Warwick,RI,02886
2017-12-04,4:00 PM - 5:00 PM,Currently going forward Book 7069 at Page 262 Map,108 4th Ave,Warwick,RI,02888
2017-12-04,3:00 PM - 4:00 PM,CANCELED ON SITE Book 27663 at Page 239 Map,237 Dedham St,Canton,MA,02021
2017-12-04,3:00 PM - 4:00 PM,CANCELED ON SITE Book 7608 at Page 59 Map,185 Welfare Ave,Warwick,RI,02888
2017-12-04,2:00 PM - 3:00 PM,Currently going forward Book 170 at Page 517 Map,17 Capitol St,Johnston,RI,02919
2017-12-04,2:00 PM - 3:00 PM,Currently going forward Book 20060 at Page 366 Map,9 Glenhill Rd,Sharon,MA,02067
2017-12-04,1:00 PM - 2:00 PM,Currently going forward Book 8406 at Page 38 Map,986 Atwells Ave,Providence,RI,02909
2017-12-04,12:00 PM - 1:00 PM,"CANCELED en route Doc. #571696, Cert. of Title #105949 Map Photo not found",18 Winthrop Rd,Plymouth,MA,02360
2017-12-04,12:00 PM - 1:00 PM,Currently going forward Book 9179 at Page 59 Map Photo not found,111 Jewett St,Providence,RI,02908
2017-12-04,11:00 AM - 12:00 PM,Currently going forward Book 33471 at Page 156 Map,52 Lincoln St,Duxbury,MA,02332
2017-12-04,10:00 AM - 11:00 AM,Currently going forward,71 Bucklin St,Pawtucket,RI,02861
2017-12-04,10:00 AM - 11:00 AM,CANCELED,770 Shawmut Ave,Boston,MA,02119
2017-12-01,4:00 PM - 5:00 PM,Currently going forward Book 1203 at Page 145 Map,99 Pine Street,Berlin,NH,03570
2017-12-01,2:00 PM - 3:00 PM,Currently going forward Book 3158 at Page 119 Map Photo not found,82 Muchmore Road f/k/a 668 Oregon Road,Lisbon,NH,03585
2017-12-01,1:00 PM - 2:00 PM,Currently going forward Book 3272 at Page 233 Map,129 River Road,Plymouth,NH,03264
2017-12-01,12:00 PM - 1:00 PM,CANCELED Book 2327 at Page 662 Map Photo not found,44 Doe Avenue,Laconia,NH,03246
2017-12-01,11:00 AM - 12:00 PM,"Continued to January 4, 2018 at 12 PM Book 8285 at Page 193 Map Photo not found",82 Carnation Drive,Warwick,RI,02886
2017-12-01,11:00 AM - 12:00 PM,Continued to January 12 at 9 AM Book 3232 at Page 575 Map Photo not found,34 Lower Loop,Campton,NH,03223
