10/31/17,9:00 AM,On_Time,358 Foundry Street,Easton (North Easton),MA,2356,Bristol,,"$5,000.00"
10/31/17,9:00 AM,Canceled,60 Buckthorne Avenue,East Providence (Riverside),RI,2915,Providence,,"$5,000.00"
10/31/17,10:00 AM,Canceled,4 Anthony Road,Barrington,RI,2806,Bristol,,"$5,000.00"
10/31/17,11:00 AM,On_Time,308 Paris Street,Boston (East Boston),MA,2128,Suffolk,,"$5,000.00"
10/31/17,11:00 AM,Canceled,24 Sherbrooke Street,Tyngsboro,MA,1879,Middlesex,,"$5,000.00"
10/31/17,11:00 AM,On_Time,534-536 Montaup Street,Fall River,MA,2724,Bristol,,"$5,000.00"
10/31/17,12:00 PM,On_Time,568 Pine Street,Fall River,MA,2720,Bristol,,"$5,000.00"
10/31/17,12:00 PM,Canceled,48 Madison Road,Halifax,MA,2338,Plymouth,,"$5,000.00"
10/31/17,12:00 PM,Postponed to 12/6/2017,1621 Old Smithfield Road,North Smithfield,RI,2896,Providence,,"$5,000.00"
10/31/17,12:00 PM,Postponed to 12/15/2017,367 Long Shores Drive,Barrington,NH,3825,Strafford,,"$5,000.00"
10/31/17,1:00 PM,On_Time,270 Laurel Hill Avenue,Providence,RI,2909,Providence,,"$5,000.00"
10/31/17,1:00 PM,Canceled,168 Glendale Avenue,Woonsocket,RI,2895,Providence,,"$5,000.00"
10/31/17,1:00 PM,Canceled,5 Dearborn Street,Franklin,NH,3235,Merrimack,,"$5,000.00"
10/31/17,1:00 PM,On_Time,115 1/2 Sycamore Street,New Bedford,MA,2740,Bristol,,"$5,000.00"
10/31/17,1:00 PM,On_Time,517 Circuit Street,Hanover,MA,2339,Plymouth,,"$5,000.00"
10/31/17,1:00 PM,On_Time,5-7 Prescott Street,Fitchburg,MA,1420,Worcester,,"$5,000.00"
10/31/17,1:00 PM,On_Time,22 Allen Street,Sandown,NH,3873,Rockingham,,"$5,000.00"
10/31/17,2:00 PM,Canceled,18 Gover Road,Millbury,MA,1527,Worcester,,"$5,000.00"
10/31/17,2:00 PM,On_Time,230 High Street,Cumberland,RI,2864,Providence,,"$5,000.00"
10/31/17,2:00 PM,On_Time,14 Park Avenue,Cranston,RI,2905,Providence,,"$5,000.00"
10/31/17,2:00 PM,Postponed to 12/1/2017,15 Ridgewood Drive,Taunton,MA,2780,Bristol,,"$5,000.00"
10/31/17,3:00 PM,On_Time,940 Greenville Avenue,Smithfield,RI,2828,Providence,,"$5,000.00"
10/31/17,3:00 PM,Canceled,20 Custer Street,Warwick,RI,2889,Kent,,"$5,000.00"
10/31/17,3:00 PM,On_Time,86-88 Inman Street,Lawrence,MA,1843,Essex,,"$5,000.00"
10/31/17,3:00 PM,On_Time,82 West Elm Avenue,Quincy,MA,2170,Norfolk,,"$5,000.00"
11/01/17,9:00 AM,Canceled,28 Southbridge Road Unit 104,Charlton,MA,1507,Worcester,,"$5,000.00"
11/01/17,10:00 AM,On_Time,294 Union Street,Weymouth,MA,2190,Norfolk,,"$5,000.00"
11/01/17,10:00 AM,Postponed to 11/28/2017,1 Catalpa Street,Wakefield,MA,1880,Middlesex,,"$5,000.00"
11/01/17,10:00 AM,Postponed to 1/2/2018,317 Lake Avenue,Worcester,MA,1604,Worcester,,"$5,000.00"
11/01/17,11:00 AM,On_Time,27 Lorraine Street,Weymouth,MA,2189,Norfolk,,"$5,000.00"
11/01/17,11:00 AM,On_Time,10 Mount Pleasant Avenue a/k/a 10 Mt Pleasant Aven,Boston (District of Roxbury),MA,2119,Suffolk,,"$5,000.00"
11/01/17,12:00 PM,Postponed to 12/5/2017,18 Dartmouth Road,Plymouth,MA,2360,Plymouth,,"$5,000.00"
11/01/17,1:00 PM,Postponed to 11/7/2017,5 Frothingham Road,Dublin,NH,3444,Cheshire,,"$5,000.00"
11/01/17,2:00 PM,On_Time,460 South Street,Bridgewater,MA,2324,Plymouth,,"$5,000.00"
11/01/17,2:00 PM,On_Time,232 Parker Street,Springfield (Indian Orchard),MA,1151,Hampden,,"$5,000.00"
11/01/17,2:00 PM,On_Time,37 South Cambridge Street,Nantucket,MA,2554,Nantucket,,"$5,000.00"
11/01/17,2:00 PM,On_Time,75 Stone Ham Road,Wakefield,NH,3872,Carroll,,"$5,000.00"
11/01/17,3:00 PM,Canceled,175 Woodside Road,Barnstable (West Barnstable),MA,2668,Barnstable,,"$5,000.00"
11/01/17,3:00 PM,On_Time,8 Lincoln Street,Westfield,MA,1085,Hampden,,"$5,000.00"
11/02/17,9:00 AM,On_Time,6 Saint Jerome Avenue,Holyoke,MA,1040,Hampden,,"$5,000.00"
11/02/17,10:00 AM,On_Time,10 Ipswich River Road,Danvers,MA,1923,Essex,,"$5,000.00"
11/02/17,10:00 AM,On_Time,219 Meadow Street,Pawtucket,RI,2860,Providence,,"$5,000.00"
11/02/17,11:00 AM,On_Time,33 Causeway Street,Methuen,MA,1844,Essex,,"$5,000.00"
11/02/17,11:00 AM,Postponed to 12/5/2017,91 Ocean Drive,Barnstable (Hyannisport),MA,2601,Barnstable,,"$5,000.00"
11/02/17,12:00 PM,On_Time,50 Kent Road,Weymouth (South Weymouth),MA,2190,Norfolk,,"$5,000.00"
11/02/17,12:00 PM,On_Time,7 Oak Leaf Circle,Worcester,MA,1603,Worcester,,"$5,000.00"
11/02/17,12:00 PM,On_Time,82 Stafford Road,Holland,MA,1521,Hampden,,"$5,000.00"
11/02/17,1:00 PM,Canceled,43A Summer Street,Rochester,NH,3867,Strafford,,"$5,000.00"
11/02/17,1:00 PM,Canceled,11 Watson Street,Somerville,MA,2143,Middlesex,,"$5,000.00"
11/02/17,1:00 PM,On_Time,30-32 River Street,Palmer (Thorndike),MA,1079,Hampden,,"$5,000.00"
11/02/17,2:00 PM,On_Time,248 Glenwood Road,Rutland,MA,1543,Worcester,,"$5,000.00"
11/02/17,2:00 PM,On_Time,1409 River Street Unit 38,Boston (Hyde Park),MA,2136,Suffolk,,"$5,000.00"
11/02/17,2:00 PM,On_Time,5 Eagle Drive,Norfolk,MA,2056,Norfolk,,"$5,000.00"
11/02/17,3:00 PM,On_Time,39 Ruggles Street,Hardwick,MA,1094,Worcester,,"$5,000.00"
11/02/17,3:00 PM,On_Time,4 Michelle's Way,Foxboro,MA,2035,Norfolk,,"$5,000.00"
11/03/17,9:00 AM,On_Time,253 Amesbury Road,Haverhill,MA,1830,Essex,,"$5,000.00"
11/03/17,9:00 AM,Postponed to 12/5/2017,184 Webster Street,Malden,MA,2148,Middlesex,,"$5,000.00"
11/03/17,10:00 AM,On_Time,94 Cowesett Avenue Unit 9,West Warwick,RI,2893,Kent,,"$5,000.00"
11/03/17,10:00 AM,On_Time,981 North Main Street,Laconia,NH,3246,Belknap,,"$5,000.00"
11/03/17,10:00 AM,Postponed to 12/4/2017,1 Bradley Road,Danvers,MA,1923,Essex,,"$5,000.00"
11/03/17,10:00 AM,Postponed to 12/5/2017,"21 Bourne Street, a/k/a 2021 Bourne Street",Palmer (Three Rivers),MA,1080,Hampden,,"$5,000.00"
11/03/17,11:00 AM,On_Time,37 Jonathan Court,Warwick,RI,2888,Kent,,"$5,000.00"
11/03/17,11:00 AM,On_Time,43 Glenmere Circle,Reading,MA,1867,Middlesex,,"$5,000.00"
11/03/17,11:00 AM,Canceled,22 Honeysuckle Road,Gloucester,MA,1930,Essex,,"$5,000.00"
11/03/17,11:00 AM,Postponed to 11/8/2017,1406 Shawsheen Street,Tewksbury,MA,1876,Middlesex,,"$5,000.00"
11/03/17,12:00 PM,Canceled,78-80 Boston Avenue,Somerville,MA,2144,Middlesex,,"$5,000.00"
11/03/17,12:00 PM,On_Time,293 Tyler Street,Springfield,MA,1109,Hampden,,"$5,000.00"
11/03/17,1:00 PM,On_Time,9-11 Bauer Lane,Falmouth,MA,2540,Barnstable,,"$5,000.00"
11/03/17,1:00 PM,On_Time,16 Erick Road Unit 12A,Mansfield,MA,2048,Bristol,,"$5,000.00"
11/03/17,1:00 PM,Postponed to 12/5/2017,"107 Foster Street, Unit #208",Peabody,MA,1960,Essex,,"$5,000.00"
11/03/17,2:00 PM,On_Time,325 Pembroke Street,Pembroke,NH,3275,Merrimack,,"$5,000.00"
11/03/17,2:00 PM,On_Time,422 Douglas Street,Uxbridge,MA,1569,Worcester,,"$5,000.00"
11/03/17,3:00 PM,On_Time,22 Woodlawn Street,Winchendon,MA,1475,Worcester,,"$5,000.00"
11/03/17,3:00 PM,On_Time,37 Lakeview Avenue,Holbrook,MA,2343,Norfolk,,"$5,000.00"
11/03/17,3:00 PM,On_Time,8 Oakland Drive,Spencer,MA,1562,Worcester,,"$5,000.00"
11/03/17,3:00 PM,Postponed to 12/18/2017,160 Main Street,Dighton,MA,2715,Bristol,,"$5,000.00"
11/06/17,9:00 AM,On_Time,382 Page Street,Avon,MA,2322,Norfolk,,"$5,000.00"
11/06/17,9:00 AM,On_Time,29 Warner Street,Gloucester,MA,1930,Essex,,"$5,000.00"
11/06/17,9:00 AM,On_Time,744 Hancock Street,Abington,MA,2351,Plymouth,,"$5,000.00"
11/06/17,10:00 AM,On_Time,12 Plantation Street,Worcester,MA,1604,Worcester,,"$5,000.00"
11/06/17,10:00 AM,On_Time,222 Menlo Street,Brockton,MA,2301,Plymouth,,"$5,000.00"
11/06/17,10:00 AM,On_Time,45 Fiske Avenue,Lynn,MA,1902,Essex,,"$5,000.00"
11/06/17,11:00 AM,On_Time,57 Talbot Street,Fall River,MA,2723,Bristol,,"$5,000.00"
11/06/17,11:00 AM,Canceled,124 Chandler Avenue,Cranston,RI,2910,Providence,,"$5,000.00"
11/06/17,11:00 AM,Canceled,18 Lucerne Road,Springfield,MA,1119,Hampden,,"$5,000.00"
11/06/17,11:00 AM,Canceled,2 Meadowlark Terrace,Richmond (Wyoming),RI,2898,Washington,,"$5,000.00"
11/06/17,11:00 AM,On_Time,33 Spencer Street aka 33 Spencer Street A&B,Millis,MA,2054,Norfolk,,"$5,000.00"
11/06/17,12:00 PM,On_Time,3-5 Hatfield Street,Pawtucket,RI,2861,Providence,,"$5,000.00"
11/06/17,12:00 PM,On_Time,3 Kenyon Street,Hudson,NH,3051,Hillsborough,,"$5,000.00"
11/06/17,12:00 PM,On_Time,35 Des Moines Road Unit 503,Quincy,MA,2169,Norfolk,,"$5,000.00"
11/06/17,12:00 PM,On_Time,26 Notown Road,Westminster,MA,1473,Worcester,,"$5,000.00"
11/06/17,12:00 PM,Postponed to 12/6/2017,46 Mcauliffe Road,Randolph,MA,2368,Norfolk,,"$5,000.00"
11/06/17,1:00 PM,On_Time,22 Reservoir Avenue,Rehoboth,MA,2769,Bristol,,"$5,000.00"
11/06/17,1:00 PM,On_Time,"526 Pleasant Street, Unit E",Holyoke,MA,1040,Hampden,,"$5,000.00"
11/06/17,1:00 PM,On_Time,"441 Main Street AKA 441 Main Street, Unit 441 AKA",Clinton,MA,1510,Worcester,,"$5,000.00"
11/06/17,1:00 PM,Canceled,66 Hoit Mill Road AKA Hoit Mill Drive,Weare,NH,3281,Hillsborough,,"$5,000.00"
11/06/17,1:00 PM,Canceled,49 Roseen Avenue,Weymouth,MA,2188,Norfolk,,"$5,000.00"
11/06/17,1:00 PM,Canceled,159 Blackburn Street,Pawtucket,RI,2861,Providence,,"$5,000.00"
11/06/17,2:00 PM,On_Time,120 Center Street,Woonsocket,RI,2895,Providence,,"$5,000.00"
11/06/17,2:00 PM,On_Time,221 Hope Street,Greenfield,MA,1301,Franklin,,"$5,000.00"
11/06/17,2:00 PM,On_Time,70 Pointe Rok Drive Unit 70,Worcester,MA,1604,Worcester,,"$5,000.00"
11/06/17,2:00 PM,Postponed to 2/5/2018,224 Oak Hill Road AKA 104 Oak Hill Road,Barrington,NH,3825,Strafford,,"$5,000.00"
11/06/17,3:00 PM,On_Time,7 Neil Street,Marlborough,MA,1752,Middlesex,,"$5,000.00"
11/06/17,3:00 PM,Canceled,18-20 Rebekah Street,Woonsocket,RI,2895,Providence,,"$5,000.00"
11/06/17,3:00 PM,On_Time,169 Barlows Landing Road,Bourne (Pocasset),MA,2559,Barnstable,,"$5,000.00"
11/07/17,10:00 AM,On_Time,469 Shawmut Avenue Unit #10 aka 467-469-471 Shawmu,Boston,MA,2118,Suffolk,,"$5,000.00"
11/07/17,10:00 AM,Postponed to 12/8/2017,22 Chestnut Street,Gloucester,MA,1930,Essex,,"$5,000.00"
11/07/17,11:00 AM,Canceled,12 Pratt Street,Brockton,MA,2302,Plymouth,,"$5,000.00"
11/07/17,11:00 AM,On_Time,"31 Sophia Street Building 1, Unit 3",Providence,RI,2909,Providence,,"$5,000.00"
11/07/17,12:00 PM,Canceled,104 Kendig Street,Worcester,MA,1610,Worcester,,"$5,000.00"
11/07/17,12:00 PM,On_Time,3 Hemlock Street,Beverly,MA,1915,Essex,,"$5,000.00"
11/07/17,12:00 PM,On_Time,83 Bates Street,Revere,MA,2151,Suffolk,,"$5,000.00"
11/07/17,1:00 PM,On_Time,5 Frothingham Road,Dublin,NH,3444,Cheshire,,"$5,000.00"
11/07/17,2:00 PM,Postponed to 1/8/2018,453 Forest Street,Rockland,MA,2370,Plymouth,,"$5,000.00"
11/07/17,2:00 PM,On_Time,6 Horton Street,Taunton,MA,2780,Bristol,,"$5,000.00"
11/07/17,2:00 PM,On_Time,135 King James Way,Wrentham,MA,2093,Norfolk,,"$5,000.00"
11/07/17,3:00 PM,On_Time,340 Grove Street,Chicopee,MA,1020,Hampden,,"$5,000.00"
11/08/17,9:00 AM,On_Time,25 Mulberry Circle,Ayer,MA,1432,Middlesex,,"$5,000.00"
11/08/17,9:00 AM,On_Time,9 Wood Avenue Unit 9A,Framingham,MA,1701,Middlesex,,"$5,000.00"
11/08/17,10:00 AM,On_Time,14 Macomber Avenue,Dartmouth,MA,2747,Bristol,,"$5,000.00"
11/08/17,11:00 AM,On_Time,53 Chase Road,Sandwich (East Sandwich),MA,2563,Barnstable,,"$5,000.00"
11/08/17,11:00 AM,On_Time,1406 Shawsheen Street,Tewksbury,MA,1876,Middlesex,,"$5,000.00"
11/08/17,11:00 AM,On_Time,1048 Mount Moosilauke Highway,Wentworth,NH,3282,Grafton,,"$5,000.00"
11/08/17,11:00 AM,On_Time,149 Greenwood Street,Rockland,MA,2370,Plymouth,,"$5,000.00"
11/08/17,12:00 PM,On_Time,170 South Avenue,Attleboro,MA,2703,Bristol,,"$5,000.00"
11/08/17,1:00 PM,Canceled,8 Willow Street,Kingston,MA,2364,Plymouth,,"$5,000.00"
11/08/17,1:00 PM,On_Time,97 Hollis Street,Brockton,MA,2302,Plymouth,,"$5,000.00"
11/08/17,2:00 PM,Canceled,44 Elm Street,Concord (Penacook),NH,3303,Merrimack,,"$5,000.00"
11/08/17,3:00 PM,On_Time,"212 Fisher Street, Unit A7",North Attleboro,MA,2760,Bristol,,"$5,000.00"
11/09/17,10:00 AM,Postponed to 12/12/2017,56 Irving Street,Everett,MA,2149,Middlesex,,"$5,000.00"
11/09/17,11:00 AM,On_Time,"70 Lafayette Park, Unit 1",Lynn,MA,1902,Essex,,"$5,000.00"
11/09/17,11:00 AM,Canceled,"22 Rose Court Way, Unit 32",Walpole,MA,2032,Norfolk,,"$5,000.00"
11/09/17,12:00 PM,On_Time,47 Maryland Street,New Bedford,MA,2745,Bristol,,"$5,000.00"
11/09/17,1:00 PM,On_Time,43 Colby Way,Nahant,MA,1908,Essex,,"$5,000.00"
11/09/17,1:00 PM,On_Time,3 Glover Street,New Bedford,MA,2740,Bristol,,"$5,000.00"
11/09/17,1:00 PM,Canceled,55 Kossuth Street,Providence,RI,2909,Providence,,"$5,000.00"
11/09/17,1:00 PM,On_Time,350 Quaker Meeting House Road,Sandwich,MA,2537,Barnstable,,"$5,000.00"
11/09/17,2:00 PM,On_Time,31 Pine Street,Brockton,MA,2302,Plymouth,,"$5,000.00"
11/09/17,2:00 PM,On_Time,43 Harrison Avenue,Greenfield,MA,1301,Franklin,,"$5,000.00"
11/09/17,3:00 PM,On_Time,389 Montague City Road,Montague (Turner Falls),MA,1376,Franklin,,"$5,000.00"
11/09/17,3:00 PM,On_Time,117 Manomet Street,Brockton,MA,2301,Plymouth,,"$5,000.00"
11/13/17,9:00 AM,On_Time,49 Pine Street,Abington,MA,2351,Plymouth,,"$5,000.00"
11/13/17,9:00 AM,Canceled,27 Ellington Street,Longmeadow,MA,1106,Hampden,,"$5,000.00"
11/13/17,9:00 AM,On_Time,30 Tweed Street,Cranston,RI,2920,Providence,,"$5,000.00"
11/13/17,9:00 AM,On_Time,108 Whittaker Avenue,Haverhill,MA,1830,Essex,,"$5,000.00"
11/13/17,10:00 AM,On_Time,672 West Chestnut Street,Brockton,MA,2301,Plymouth,,"$5,000.00"
11/13/17,10:00 AM,On_Time,213 Canedy Street,Fall River,MA,2720,Bristol,,"$5,000.00"
11/13/17,10:00 AM,On_Time,25 Rosary Lane,Barnstable (Hyannis),MA,2601,Barnstable,,"$5,000.00"
11/13/17,10:00 AM,Postponed to 12/14/2017,1 Hunting Lane,Lynnfield,MA,1940,Essex,,"$5,000.00"
11/13/17,10:00 AM,On_Time,206 North Road,Chelmsford,MA,1824,Middlesex,,"$5,000.00"
11/13/17,11:00 AM,On_Time,11 Ostend Street,Johnston,RI,2919,Providence,,"$5,000.00"
11/13/17,11:00 AM,Canceled,69 Pierce Street,Malden,MA,2148,Middlesex,,"$5,000.00"
11/13/17,11:00 AM,On_Time,41 Webster Street,Hudson,NH,3051,Hillsborough,,"$5,000.00"
11/13/17,11:00 AM,Canceled,25-27 Bayside Road,Greenland,NH,3840,Rockingham,,"$5,000.00"
11/13/17,11:00 AM,On_Time,31 Sparks Street,Dracut,MA,1826,Middlesex,,"$5,000.00"
11/13/17,12:00 PM,Canceled,28 Old Lee Road,Newfields,NH,3856,Rockingham,,"$5,000.00"
11/13/17,12:00 PM,On_Time,260 George Waterman Road #302,Johnston,RI,2919,Providence,,"$5,000.00"
11/13/17,12:00 PM,On_Time,70 Salem Street,Lawrence,MA,1843,Essex,,"$5,000.00"
11/13/17,12:00 PM,On_Time,18 Kathys Path,Scituate,MA,2066,Plymouth,,"$5,000.00"
11/13/17,1:00 PM,Canceled,41 Columbia Street,Worcester,MA,1604,Worcester,,"$5,000.00"
11/13/17,1:00 PM,On_Time,6 Ely Road,Wilbraham,MA,1095,Hampden,,"$5,000.00"
11/13/17,1:00 PM,On_Time,10 Pingree Hill Road,Derry,NH,3038,Rockingham,,"$5,000.00"
11/13/17,1:00 PM,Postponed to 12/5/2017,21 Ellen Street,North Attleboro,MA,2760,Bristol,,"$5,000.00"
11/13/17,2:00 PM,On_Time,873 Sanford Road,Westport,MA,2790,Bristol,,"$5,000.00"
11/13/17,2:00 PM,On_Time,117 John Street Unit 53,Lincoln,RI,2865,Providence,,"$5,000.00"
11/13/17,2:00 PM,On_Time,46 Goddard Memorial Drive,Worcester,MA,1603,Worcester,,"$5,000.00"
11/13/17,2:00 PM,On_Time,221 Rolf Avenue,Chicopee,MA,1020,Hampden,,"$5,000.00"
11/13/17,3:00 PM,On_Time,34 Anthony Road,Foster,RI,2825,Providence,,"$5,000.00"
11/13/17,3:00 PM,On_Time,85 Branch Londonderry Turnpike,Hopkinton (Contoocook),NH,3229,Merrimack,,"$5,000.00"
11/13/17,3:00 PM,Canceled,4 Langdon Street,Springfield,MA,1104,Hampden,,"$5,000.00"
11/13/17,3:00 PM,On_Time,53 Calvin Road,North Attleboro,MA,2760,Bristol,,"$5,000.00"
11/13/17,3:00 PM,On_Time,100 Friends Cove,Somerset,MA,2725,Bristol,,"$5,000.00"
11/13/17,3:00 PM,Postponed to 12/13/2017,201 Whitford Circle,Marshfield,MA,2050,Plymouth,,"$5,000.00"
11/14/17,9:00 AM,On_Time,1370 Main Street,Leominster,MA,1453,Worcester,,"$5,000.00"
11/14/17,9:00 AM,On_Time,615 Chestnut Hill Road Mendon and,Millville,MA,1529,Worcester,,"$5,000.00"
11/14/17,10:00 AM,On_Time,16 Spruce Drive,Ashburnham,MA,1430,Worcester,,"$5,000.00"
11/14/17,10:00 AM,On_Time,25 Hawthorne Road,Gloucester,MA,1930,Essex,,"$5,000.00"
11/14/17,10:00 AM,Postponed to 11/27/2017,35 Markham Circle,Ayer,MA,1432,Middlesex,,"$5,000.00"
11/14/17,11:00 AM,On_Time,63 Chestnut Street,Spencer,MA,1562,Worcester,,"$5,000.00"
11/14/17,11:00 AM,On_Time,744 Boston Road,Billerica,MA,1821,Middlesex,,"$5,000.00"
11/14/17,12:00 PM,On_Time,135 Flagg Road,East Brookfield,MA,1515,Worcester,,"$5,000.00"
11/14/17,12:00 PM,On_Time,34 Jacob Street,Brockton,MA,2302,Plymouth,,"$5,000.00"
11/14/17,12:00 PM,On_Time,50 Hills Street,Randolph,MA,2368,Norfolk,,"$5,000.00"
11/14/17,1:00 PM,Canceled,57 Glezen Street,Worcester,MA,1604,Worcester,,"$5,000.00"
11/14/17,1:00 PM,On_Time,81 North Street,Randolph,MA,2368,Norfolk,,"$5,000.00"
11/14/17,1:00 PM,On_Time,48 Lancaster Avenue,Revere,MA,2151,Suffolk,,"$5,000.00"
11/14/17,1:00 PM,On_Time,3 Brookside Drive,Mattapoisett,MA,2739,Plymouth,,"$5,000.00"
11/14/17,1:00 PM,On_Time,130-132 Sea Street aka 130 Sea Street,Weymouth,MA,2191,Norfolk,,"$5,000.00"
11/14/17,1:00 PM,Postponed to 12/14/2017,51 Dix Street Unit 2,Boston (Dorchester),MA,2122,Suffolk,,"$5,000.00"
11/14/17,2:00 PM,On_Time,33 Second Street,Worcester,MA,1602,Worcester,,"$5,000.00"
11/14/17,2:00 PM,On_Time,76 Fowler Avenue,Revere,MA,2151,Suffolk,,"$5,000.00"
11/14/17,2:00 PM,On_Time,29 Shawnee Road,Pepperell,MA,1463,Middlesex,,"$5,000.00"
11/14/17,2:00 PM,Postponed to 12/15/2017,20 Spectacle Pond Road,Wareham (East Wareham),MA,2538,Plymouth,,"$5,000.00"
11/14/17,3:00 PM,On_Time,727 South Street,Warren (West Warren),MA,1092,Worcester,,"$5,000.00"
11/14/17,3:00 PM,Canceled,487 Ridge Street,Fall River,MA,2724,Bristol,,"$5,000.00"
11/14/17,3:00 PM,On_Time,2 Stevenson Lane,Harwich,MA,2645,Barnstable,,"$5,000.00"
11/15/17,9:00 AM,Canceled,253 Draper Street,Springfield,MA,1108,Hampden,,"$5,000.00"
11/15/17,9:00 AM,On_Time,21 Pomeroy Terrace,Russell,MA,1071,Hampden,,"$5,000.00"
11/15/17,10:00 AM,On_Time,17 Emmons St,Milford,MA,1757,Worcester,,"$5,000.00"
11/15/17,10:00 AM,On_Time,78 Gilman Street,Springfield,MA,1118,Hampden,,"$5,000.00"
11/15/17,10:00 AM,On_Time,64 Etna Road,Dedham,MA,2026,Norfolk,,"$5,000.00"
11/15/17,11:00 AM,Canceled,5 Rainbow Avenue,Merrimack,NH,3054,Hillsborough,,"$5,000.00"
11/15/17,11:00 AM,On_Time,215 Grove Street,Kingston,MA,2364,Plymouth,,"$5,000.00"
11/15/17,11:00 AM,On_Time,3 King Philip Path,Mendon,MA,1756,Worcester,,"$5,000.00"
11/15/17,11:00 AM,Postponed to 12/18/2017,319 Main Street,Fremont,NH,3044,Rockingham,,"$5,000.00"
11/15/17,12:00 PM,On_Time,24 Beaver Dam Road,Acushnet,MA,2743,Bristol,,"$5,000.00"
11/15/17,12:00 PM,On_Time,32 Antilla Court,Pembroke,MA,2359,Plymouth,,"$5,000.00"
11/15/17,1:00 PM,On_Time,138 Coburn Street,Lowell,MA,1850,Middlesex,,"$5,000.00"
11/15/17,1:00 PM,On_Time,315 Main Street aka 315 Main Street A,Leicester (Cherry Valley),MA,1611,Worcester,,"$5,000.00"
11/15/17,1:00 PM,On_Time,34 Saffron Circle,Springfield,MA,1129,Hampden,,"$5,000.00"
11/15/17,1:00 PM,On_Time,570 Merrimack Street,Manchester,NH,3103,Hillsborough,,"$5,000.00"
11/15/17,2:00 PM,On_Time,34 Waverly Street,Taunton,MA,2780,Bristol,,"$5,000.00"
11/15/17,2:00 PM,On_Time,40 Baptist Common Road,Templeton,MA,1468,Worcester,,"$5,000.00"
11/15/17,3:00 PM,On_Time,"269 Cambridge Road, aka 269 Cambridge Street Unit",Woburn,MA,1801,Middlesex,,"$5,000.00"
11/15/17,3:00 PM,On_Time,1570 County Street,Somerset,MA,2726,Bristol,,"$5,000.00"
11/16/17,9:00 AM,On_Time,19 Davis Road Unit EB-8,Acton,MA,1720,Middlesex,,"$5,000.00"
11/16/17,9:00 AM,Canceled,155 County Road,Ipswich,MA,1938,Essex,,"$5,000.00"
11/16/17,9:00 AM,Postponed to 12/19/2017,28 Alpine Street,Nashua,NH,3060,Hillsborough,,"$5,000.00"
11/16/17,10:00 AM,On_Time,10 Gray Street,Bristol,RI,2809,Bristol,,"$5,000.00"
11/16/17,10:00 AM,Canceled,181 Lake Street,Brighton,MA,2135,Suffolk,,"$5,000.00"
11/16/17,10:00 AM,On_Time,12 Sandy Glen Drive,Holden,MA,1520,Worcester,,"$5,000.00"
11/16/17,10:00 AM,On_Time,"390B Great Road, Unit 24 aka Unit 390B-24",Acton,MA,1720,Middlesex,,"$5,000.00"
11/16/17,11:00 AM,On_Time,606 Berkley Street,Berkley,MA,2779,Bristol,,"$5,000.00"
11/16/17,11:00 AM,On_Time,17 Merritt Street,Leominster,MA,1453,Worcester,,"$5,000.00"
11/16/17,11:00 AM,On_Time,9 Lamplighter Lane,Chelmsford (North Chelmsford),MA,1863,Middlesex,,"$5,000.00"
11/16/17,11:00 AM,Postponed to 11/22/2017,106 Theodore Parker Road,Boston (West Roxbury),MA,2132,Suffolk,,"$5,000.00"
11/16/17,12:00 PM,Canceled,53 Greenbrier Street,Boston (Dorchester),MA,2124,Suffolk,,"$5,000.00"
11/16/17,12:00 PM,On_Time,248 Camp Street Unit L2,Yarmouth (West Yarmouth),MA,2673,Barnstable,,"$5,000.00"
11/16/17,1:00 PM,On_Time,8 Shetland Street,Boston (Roxbury),MA,2119,Suffolk,,"$5,000.00"
11/16/17,1:00 PM,On_Time,644-646 Beacon Street,Lowell,MA,1850,Middlesex,,"$5,000.00"
11/16/17,1:00 PM,On_Time,419 Main Street,Dennis Port,MA,2639,Barnstable,,"$5,000.00"
11/16/17,1:00 PM,On_Time,146 Quenames Road,Chilmark,MA,2535,Dukes,,"$5,000.00"
11/16/17,2:00 PM,On_Time,114-116 Agawam Street,Lowell,MA,1852,Middlesex,,"$5,000.00"
11/16/17,2:00 PM,Canceled,140 Thrush Road,Warwick,RI,2886,Kent,,"$5,000.00"
11/16/17,2:00 PM,Canceled,599 William Street,Pittsfield,MA,1201,Berkshire,,"$5,000.00"
11/16/17,2:00 PM,On_Time,50 Drakeside Road,Hampton,NH,3842,Rockingham,,"$5,000.00"
11/16/17,2:00 PM,On_Time,50 Wing Road aka Lot 11B Wing Road,Acushnet,MA,2743,Bristol,,"$5,000.00"
11/16/17,3:00 PM,On_Time,493-495 West Avenue,Pawtucket,RI,2860,Providence,,"$5,000.00"
11/16/17,3:00 PM,On_Time,"273 West Main Street, Unit 273 B-9 aka Unit B9",Marlborough,MA,1752,Middlesex,,"$5,000.00"
11/16/17,3:00 PM,On_Time,121 Camp Street Unit 128,Yarmouth (West Yarmouth),MA,2673,Barnstable,,"$5,000.00"
11/16/17,3:00 PM,On_Time,107 Park Street,North Reading,MA,1864,Middlesex,,"$5,000.00"
11/16/17,3:00 PM,Postponed to 12/5/2017,88 Coleman Street,Abington,MA,2351,Plymouth,,"$5,000.00"
11/17/17,9:00 AM,On_Time,3 Hall Road,Webster,MA,1570,Worcester,,"$5,000.00"
11/17/17,9:00 AM,On_Time,71 Bayside Avenue,Swansea,MA,2777,Bristol,,"$5,000.00"
11/17/17,10:00 AM,On_Time,30 Richmond Avenue,Worcester,MA,1602,Worcester,,"$5,000.00"
11/17/17,10:00 AM,On_Time,149 Corcoran Boulevard,Springfield,MA,1118,Hampden,,"$5,000.00"
11/17/17,10:00 AM,Canceled,11 Althea Road,Randolph,MA,2368,Norfolk,,"$5,000.00"
11/17/17,10:00 AM,On_Time,85 Taurus Drive,Mashpee,MA,2649,Barnstable,,"$5,000.00"
11/17/17,11:00 AM,On_Time,220 Tiffany Street,Attleboro,MA,2703,Bristol,,"$5,000.00"
11/17/17,11:00 AM,On_Time,76 Krantz Road,Winchendon,MA,1475,Worcester,,"$5,000.00"
11/17/17,11:00 AM,On_Time,36 Restarick Avenue,Randolph,MA,2368,Norfolk,,"$5,000.00"
11/17/17,12:00 PM,On_Time,260 Alger Street aka 694 Alger Street,Winchendon,MA,1475,Worcester,,"$5,000.00"
11/17/17,12:00 PM,On_Time,159 Dana Hill Road,New Hampton,NH,3256,Belknap,,"$5,000.00"
11/17/17,12:00 PM,On_Time,215 Coney Street,East Walpole,MA,2032,Norfolk,,"$5,000.00"
11/17/17,1:00 PM,Canceled,9 Colonial Drive,Chelmsford,MA,1824,Middlesex,,"$5,000.00"
11/17/17,1:00 PM,On_Time,228 Rhoades and Bailey Road,New Marlborough,MA,1259,Berkshire,,"$5,000.00"
11/17/17,1:00 PM,On_Time,22 Pillsbury Road,Londonderry,NH,3053,Rockingham,,"$5,000.00"
11/17/17,1:00 PM,On_Time,62 Colon Street,Beverly,MA,1915,Essex,,"$5,000.00"
11/17/17,1:00 PM,On_Time,47 Winthrop Street,Kingston,MA,2364,Plymouth,,"$5,000.00"
11/17/17,1:00 PM,On_Time,14 Alden Road,Peabody,MA,1960,Essex,,"$5,000.00"
11/17/17,2:00 PM,On_Time,4 Gardner Road,Hubbardston,MA,1452,Worcester,,"$5,000.00"
11/17/17,2:00 PM,On_Time,5 Belvedere Drive,Warwick,RI,2889,Kent,,"$5,000.00"
11/17/17,2:00 PM,On_Time,134 Center Street,Carver,MA,2330,Plymouth,,"$5,000.00"
11/17/17,2:00 PM,On_Time,3 Harwood Street,Oxford,MA,1540,Worcester,,"$5,000.00"
11/17/17,2:00 PM,On_Time,158 Forest Street,Middleton,MA,1949,Essex,,"$5,000.00"
11/17/17,3:00 PM,On_Time,6 Stoddard Road,North Brookfield,MA,1535,Worcester,,"$5,000.00"
11/17/17,3:00 PM,On_Time,945 Humphrey Street,Swampscott,MA,1907,Essex,,"$5,000.00"
11/20/17,9:00 AM,On_Time,135 Hoover Street,North Kingstown,RI,2852,Washington,,"$5,000.00"
11/20/17,9:00 AM,On_Time,2-4 Colby Street,Lawrence,MA,1841,Essex,,"$5,000.00"
11/20/17,10:00 AM,On_Time,9 Mondello Square,Gloucester,MA,1930,Essex,,"$5,000.00"
11/20/17,10:00 AM,On_Time,364 Harvard Street,Boston (Dorchester),MA,2124,Suffolk,,"$5,000.00"
11/20/17,11:00 AM,On_Time,147 Turner Street,Dedham,MA,2026,Norfolk,,"$5,000.00"
11/20/17,11:00 AM,On_Time,79 Hicks Street,East Providence,RI,2914,Providence,,"$5,000.00"
11/20/17,11:00 AM,On_Time,12 Adams Street,Worcester,MA,1604,Worcester,,"$5,000.00"
11/20/17,11:00 AM,On_Time,112 Carroll Avenue,Brockton,MA,2301,Plymouth,,"$5,000.00"
11/20/17,11:00 AM,On_Time,33 Commercial Wharf Unit #33-51,Boston,MA,2110,Suffolk,,"$5,000.00"
11/20/17,11:00 AM,On_Time,5 Gauthier Way,Pelham,NH,3076,Hillsborough,,"$5,000.00"
11/20/17,12:00 PM,On_Time,71 Allen Crest Drive East Longmeadow and,Hampden,MA,1036,Hampden,,"$5,000.00"
11/20/17,12:00 PM,On_Time,"1401 Great Pond Road, Unit 18 aka 1401 R Great Pon",North Andover,MA,1845,Essex,,"$5,000.00"
11/20/17,12:00 PM,On_Time,62 Hampshire Road,Wellesley,MA,2481,Norfolk,,"$5,000.00"
11/20/17,12:00 PM,On_Time,135 Newell Street,Pittsfield,MA,1201,Berkshire,,"$5,000.00"
11/20/17,12:00 PM,On_Time,9 Gaudette Avenue,Brockton,MA,2301,Plymouth,,"$5,000.00"
11/20/17,1:00 PM,On_Time,60 Greenfield Street,Brockton,MA,2301,Plymouth,,"$5,000.00"
11/20/17,1:00 PM,On_Time,"53 B Saint Kolbe Drive, Unit 53B",Holyoke,MA,1040,Hampden,,"$5,000.00"
11/20/17,1:00 PM,On_Time,2 Idaho Street,Coventry,RI,2816,Kent,,"$5,000.00"
11/20/17,1:00 PM,On_Time,22 Jones Street,Worcester,MA,1604,Worcester,,"$5,000.00"
11/20/17,2:00 PM,On_Time,999 Rodman Street,Fall River,MA,2721,Bristol,,"$5,000.00"
11/20/17,2:00 PM,Canceled,49 Vaughan Street aka 49 Vaughn Street,Lakeville,MA,2347,Plymouth,,"$5,000.00"
11/20/17,2:00 PM,On_Time,115 Stuart Avenue Unit 5,Dracut,MA,1826,Middlesex,,"$5,000.00"
11/20/17,3:00 PM,On_Time,989 Chicopee Street aka 987-989 Chicopee Street,Chicopee,MA,1013,Hampden,,"$5,000.00"
11/20/17,3:00 PM,On_Time,55 Pleasant Street Unit #7,Granby,MA,1033,Hampshire,,"$5,000.00"
11/20/17,3:00 PM,On_Time,246 Harwich Road,Brewster,MA,2631,Barnstable,,"$5,000.00"
11/21/17,9:00 AM,On_Time,48 Bray Park Drive,Holyoke,MA,1040,Hampden,,"$5,000.00"
11/21/17,9:00 AM,On_Time,68 Birch Hill Road,Douglas,MA,1516,Worcester,,"$5,000.00"
11/21/17,9:00 AM,On_Time,39-41 Bonner Avenue,Medford,MA,2155,Middlesex,,"$5,000.00"
11/21/17,10:00 AM,On_Time,2051 North Main Street,Fall River,MA,2720,Bristol,,"$5,000.00"
11/21/17,10:00 AM,On_Time,44 Shrine Avenue,West Boylston,MA,1583,Worcester,,"$5,000.00"
11/21/17,10:00 AM,On_Time,424 East Street,Ludlow,MA,1056,Hampden,,"$5,000.00"
11/21/17,11:00 AM,On_Time,64 Red Squirrel Lane,Chester,NH,3036,Rockingham,,"$5,000.00"
11/21/17,11:00 AM,On_Time,46 Conservation Drive,Douglas,MA,1516,Worcester,,"$5,000.00"
11/21/17,11:00 AM,On_Time,"183 Farrwood Drive, Unit # 183",Haverhill,MA,1835,Essex,,"$5,000.00"
11/21/17,12:00 PM,On_Time,79 Lake View Avenue aka Lakeview Avenue,West Brookfield,MA,1585,Worcester,,"$5,000.00"
11/21/17,12:00 PM,Canceled,158 Cornell Street,Boston (Roslindale),MA,2131,Suffolk,,"$5,000.00"
11/21/17,12:00 PM,On_Time,89 Westwood Drive,Nashua,NH,3063,Hillsborough,,"$5,000.00"
11/21/17,1:00 PM,On_Time,1 Pointe Rok Drive Unit #1,Worcester,MA,1604,Worcester,,"$5,000.00"
11/21/17,1:00 PM,On_Time,98 Cedar Street Unit 19,Wakefield,MA,1880,Middlesex,,"$5,000.00"
11/21/17,1:00 PM,On_Time,"12H Gould Court aka 14 R. Gould Court,",Gloucester,MA,1930,Essex,,"$5,000.00"
11/21/17,1:00 PM,On_Time,13 Morris Street,Fitchburg,MA,1420,Worcester,,"$5,000.00"
11/21/17,1:00 PM,On_Time,307 Colburn Street,Dedham,MA,2026,Norfolk,,"$5,000.00"
11/21/17,2:00 PM,On_Time,274 South Worcester Street,Norton,MA,2766,Bristol,,"$5,000.00"
11/21/17,2:00 PM,On_Time,189 Gates Lane,Worcester,MA,1603,Worcester,,"$5,000.00"
11/21/17,2:00 PM,Canceled,736 Hypine Road,Dracut,MA,1826,Middlesex,,"$5,000.00"
11/21/17,2:00 PM,On_Time,"152 Turner Road, Unit 60",Holliston,MA,1746,Middlesex,,"$5,000.00"
11/21/17,3:00 PM,On_Time,10 West Street,Fitchburg,MA,1420,Worcester,,"$5,000.00"
11/21/17,3:00 PM,On_Time,184 Village Lane,Wellfleet,MA,2667,Barnstable,,"$5,000.00"
11/21/17,3:00 PM,On_Time,3 Todd Drive,Townsend,MA,1469,Middlesex,,"$5,000.00"
11/21/17,3:00 PM,On_Time,30 Brook Street,Lawrence,MA,1841,Essex,,"$5,000.00"
11/21/17,3:00 PM,On_Time,10 Shady Oak Lane,Sandwich (East Sandwich),MA,2537,Barnstable,,"$5,000.00"
11/22/17,9:00 AM,On_Time,102 South Main Street,Ashburnham,MA,1430,Worcester,,"$5,000.00"
11/22/17,9:00 AM,On_Time,17 Cottage Street,Norton,MA,2766,Bristol,,"$5,000.00"
11/22/17,9:00 AM,On_Time,25 Logan Street Unit 3,Lawrence,MA,1841,Essex,,"$5,000.00"
11/22/17,9:00 AM,On_Time,235 Starling Road,Springfield,MA,1119,Hampden,,"$5,000.00"
11/22/17,10:00 AM,On_Time,10 Harvard Street,Fairhaven,MA,2719,Bristol,,"$5,000.00"
11/22/17,10:00 AM,On_Time,294-296 West Shaft Road,North Adams,MA,1247,Berkshire,,"$5,000.00"
11/22/17,10:00 AM,On_Time,241 Ellis Road,Westminster,MA,1473,Worcester,,"$5,000.00"
11/22/17,10:00 AM,On_Time,16 Merrick Avenue,Springfield,MA,1109,Hampden,,"$5,000.00"
11/22/17,10:00 AM,On_Time,150 County Road,Plympton,MA,2367,Plymouth,,"$5,000.00"
11/22/17,11:00 AM,On_Time,106 Oak Lane Unit 7 aka Unit 106-7,Brockton,MA,2301,Plymouth,,"$5,000.00"
11/22/17,11:00 AM,On_Time,106 Theodore Parker Road,Boston (West Roxbury),MA,2132,Suffolk,,"$5,000.00"
11/22/17,11:00 AM,On_Time,189 Main Street,Orleans,MA,2643,Barnstable,,"$5,000.00"
11/22/17,12:00 PM,On_Time,75 Hickingbotham Road,Peru,MA,1235,Berkshire,,"$5,000.00"
11/22/17,12:00 PM,On_Time,202 Greystone Avenue,West Springfield,MA,1089,Hampden,,"$5,000.00"
11/22/17,12:00 PM,On_Time,21 Kimball Road,Amesbury,MA,1913,Essex,,"$5,000.00"
11/22/17,12:00 PM,On_Time,3 Prenier Road,Charlton,MA,1507,Worcester,,"$5,000.00"
11/22/17,1:00 PM,On_Time,213 Bishop Drive Unit 213,Framingham,MA,1702,Middlesex,,"$5,000.00"
11/22/17,1:00 PM,On_Time,410 Silver Street,Greenfield,MA,1301,Franklin,,"$5,000.00"
11/22/17,1:00 PM,Canceled,1 Nichols Street,Lynn,MA,1902,Essex,,"$5,000.00"
11/22/17,1:00 PM,On_Time,99 Central Street,Weymouth (South Weymouth),MA,2190,Norfolk,,"$5,000.00"
11/22/17,2:00 PM,On_Time,815 Southern Artery,Quincy,MA,2169,Norfolk,,"$5,000.00"
11/22/17,2:00 PM,On_Time,43 Oread Street,Worcester,MA,1608,Worcester,,"$5,000.00"
11/22/17,3:00 PM,On_Time,72 Maple Street,Warren,MA,1083,Worcester,,"$5,000.00"
11/22/17,3:00 PM,On_Time,726 South Main Street,Orange,MA,1364,Franklin,,"$5,000.00"
11/27/17,9:00 AM,On_Time,126 Ruggles Street,Providence,RI,2908,Providence,,"$5,000.00"
11/27/17,9:00 AM,Canceled,11 South Wilder Street,Lowell,MA,1851,Middlesex,,"$5,000.00"
11/27/17,9:00 AM,On_Time,324 Redemption Rock Trail Princeton and,Sterling,MA,1564,Worcester,,"$5,000.00"
11/27/17,10:00 AM,On_Time,4-8 Luna Street,Providence,RI,2904,Providence,,"$5,000.00"
11/27/17,10:00 AM,On_Time,44 Irving Street,Winchester,MA,1890,Middlesex,,"$5,000.00"
11/27/17,10:00 AM,On_Time,145 Beauregard Terrace,Chicopee,MA,1020,Hampden,,"$5,000.00"
11/27/17,10:00 AM,On_Time,35 Markham Circle,Ayer,MA,1432,Middlesex,,"$5,000.00"
11/27/17,11:00 AM,On_Time,49 Pebble Path,Barnstable (Marstons Mills),MA,2648,Barnstable,,"$5,000.00"
11/27/17,11:00 AM,On_Time,499 South Street,Dalton,MA,1226,Berkshire,,"$5,000.00"
11/27/17,11:00 AM,On_Time,358 Springfield Street,Wilbraham,MA,1095,Hampden,,"$5,000.00"
11/27/17,11:00 AM,On_Time,10 Metcalf Road,Mendon,MA,1756,Worcester,,"$5,000.00"
11/27/17,12:00 PM,On_Time,97 Hubbard Pond Road,New Ipswich,NH,3071,Hillsborough,,"$5,000.00"
11/27/17,12:00 PM,On_Time,64 Aberdeen Avenue,Warwick,RI,2888,Kent,,"$5,000.00"
11/27/17,12:00 PM,Postponed to 12/27/2017,"13 Maryland Street, Unit 3 a/k/a 13 Maryland Stree",Boston (Dorchester),MA,2125,Suffolk,,"$5,000.00"
11/27/17,1:00 PM,On_Time,106 Revere Street,Springfield,MA,1108,Hampden,,"$5,000.00"
11/27/17,1:00 PM,On_Time,13 Emmet Street,Brockton,MA,2302,Plymouth,,"$5,000.00"
11/27/17,1:00 PM,On_Time,61 Sprague Avenue,Warwick,RI,2889,Kent,,"$5,000.00"
11/27/17,1:00 PM,On_Time,200 Water Street,Leominster,MA,1453,Worcester,,"$5,000.00"
11/27/17,2:00 PM,On_Time,11 Gibbs Street Unit H-122,Worcester,MA,1607,Worcester,,"$5,000.00"
11/27/17,2:00 PM,On_Time,"206 Goddard Row, Unit 206",Newport,RI,2840,Newport,,"$5,000.00"
11/27/17,2:00 PM,On_Time,17 Claire Road,Amesbury,MA,1913,Essex,,"$5,000.00"
11/27/17,2:00 PM,On_Time,"17-19 Grover Street, Unit 19 a/k/a 19 Grover Stree",Walpole,MA,2081,Norfolk,,"$5,000.00"
11/27/17,3:00 PM,On_Time,9 Holly Lane,West Tisbury (Vineyard Haven),MA,2568,Dukes,,"$5,000.00"
11/27/17,3:00 PM,On_Time,97 Goodridge Street,Lynn,MA,1902,Essex,,"$5,000.00"
11/27/17,3:00 PM,Canceled,58 Barnes Lane,West Greenwich,RI,2817,Kent,,"$5,000.00"
11/27/17,3:00 PM,Canceled,67 Hingham Street,Rockland,MA,2370,Plymouth,,"$5,000.00"
11/27/17,3:00 PM,On_Time,35-37 Poquanticut Avenue,Easton (North Easton),MA,2356,Bristol,,"$5,000.00"
11/28/17,9:00 AM,On_Time,18 Linden Street,Oxford,MA,1540,Worcester,,"$5,000.00"
11/28/17,9:00 AM,On_Time,205 Nicholas Road,Raynham,MA,2767,Bristol,,"$5,000.00"
11/28/17,10:00 AM,On_Time,118 Tideview Drive Unit 118 Building 11,Dover,NH,3820,Strafford,,"$5,000.00"
11/28/17,10:00 AM,On_Time,1 Catalpa Street,Wakefield,MA,1880,Middlesex,,"$5,000.00"
11/28/17,11:00 AM,On_Time,10 Tillyer Avenue,Southbridge,MA,1550,Worcester,,"$5,000.00"
11/28/17,11:00 AM,On_Time,99 Day Street,Norwood,MA,2062,Norfolk,,"$5,000.00"
11/28/17,11:00 AM,On_Time,67 Belmont Street,East Bridgewater,MA,2333,Plymouth,,"$5,000.00"
11/28/17,11:00 AM,On_Time,"141 Thissell Avenue, Unit No. 7",Dracut,MA,1826,Middlesex,,"$5,000.00"
11/28/17,11:00 AM,On_Time,1205 Cohannet Street,Taunton,MA,2780,Bristol,,"$5,000.00"
11/28/17,12:00 PM,On_Time,11 Pondview Circle,Oak Bluffs,MA,2557,Dukes,,"$5,000.00"
11/28/17,12:00 PM,On_Time,32 Walton Street,Westerly,RI,2891,Washington,,"$5,000.00"
11/28/17,12:00 PM,On_Time,28 Howland Street,Brockton,MA,2302,Plymouth,,"$5,000.00"
11/28/17,12:00 PM,On_Time,50 Dartmouth Street,Westfield,MA,1085,Hampden,,"$5,000.00"
11/28/17,12:00 PM,On_Time,7 Elizabeth Lane,West Bridgewater,MA,2379,Plymouth,,"$5,000.00"
11/28/17,1:00 PM,On_Time,49 Phyllis Lane,Greenfield,MA,1301,Franklin,,"$5,000.00"
11/28/17,1:00 PM,On_Time,69 Concord Road,Billerica,MA,1821,Middlesex,,"$5,000.00"
11/28/17,1:00 PM,On_Time,101 Alverson Avenue,Providence,RI,2909,Providence,,"$5,000.00"
11/28/17,1:00 PM,On_Time,46 Robeson Street,New Bedford,MA,2740,Bristol,,"$5,000.00"
11/28/17,2:00 PM,On_Time,41 Center Street,Dennis Port,MA,2639,Barnstable,,"$5,000.00"
11/28/17,2:00 PM,On_Time,204 Concord Road,Chelmsford,MA,1824,Middlesex,,"$5,000.00"
11/28/17,2:00 PM,On_Time,44 Royal Street,Agawam,MA,1001,Hampden,,"$5,000.00"
11/28/17,2:00 PM,On_Time,21 Bourque Street,Lawrence,MA,1843,Essex,,"$5,000.00"
11/28/17,2:00 PM,On_Time,24 Lothrop Avenue,Milton,MA,2186,Norfolk,,"$5,000.00"
11/28/17,3:00 PM,On_Time,689 Western Avenue,Gloucester,MA,1930,Essex,,"$5,000.00"
11/28/17,3:00 PM,On_Time,279 Willis Road,Sudbury,MA,1776,Middlesex,,"$5,000.00"
11/28/17,3:00 PM,On_Time,43 Ridgewood Drive,Norwood,MA,2062,Norfolk,,"$5,000.00"
11/28/17,3:00 PM,On_Time,"125 Lumbert Cross Road, New Marlboro MA 01244 a/k/",New Marlborough (Mill River),MA,1244,Berkshire,,"$5,000.00"
11/29/17,9:00 AM,On_Time,227 Broadway,Haverhill,MA,1832,Essex,,"$5,000.00"
11/29/17,9:00 AM,On_Time,5 North Main Street,Grafton,MA,1536,Worcester,,"$5,000.00"
11/29/17,10:00 AM,On_Time,227 Acushnet Avenue,New Bedford,MA,2740,Bristol,,"$5,000.00"
11/29/17,11:00 AM,On_Time,29 Terrier Way f/k/a 633 North Main Street,Raynham,MA,2767,Bristol,,"$5,000.00"
11/29/17,11:00 AM,On_Time,44 Cunningham Street,Wilmington,MA,1887,Middlesex,,"$5,000.00"
11/29/17,11:00 AM,On_Time,16 Huntington Avenue,Plainville,MA,2762,Norfolk,,"$5,000.00"
11/29/17,12:00 PM,On_Time,26 Weybosset Street,North Weymouth,MA,2191,Norfolk,,"$5,000.00"
11/29/17,12:00 PM,On_Time,44 Arbeta Road,Hyannis,MA,2601,Barnstable,,"$5,000.00"
11/29/17,12:00 PM,On_Time,24 Longmeadow Road,North Dartmouth,MA,2747,Bristol,,"$5,000.00"
11/29/17,1:00 PM,On_Time,3 Avalon Road,Milton,MA,2186,Norfolk,,"$5,000.00"
11/29/17,1:00 PM,On_Time,37 Homestead Avenue,Springfield,MA,1151,Hampden,,"$5,000.00"
11/29/17,1:00 PM,On_Time,"41 Harbor Street, Unit 41-1 aka Unit 1",Salem,MA,1970,Essex,,"$5,000.00"
11/29/17,1:00 PM,On_Time,32 Old Morton Street,Boston (Mattapan),MA,2126,Suffolk,,"$5,000.00"
11/29/17,2:00 PM,On_Time,25 Alpine Street Unit 10,Boston,MA,2136,Suffolk,,"$5,000.00"
11/29/17,2:00 PM,On_Time,109 Buzzards Bay Drive,Plymouth,MA,2360,Plymouth,,"$5,000.00"
11/29/17,2:00 PM,On_Time,146 South Street West,Raynham,MA,2767,Bristol,,"$5,000.00"
11/29/17,3:00 PM,On_Time,300 Bay Road,Easton (North Easton),MA,2356,Bristol,,"$5,000.00"
11/29/17,3:00 PM,On_Time,133 East Street,Foxboro,MA,2035,Norfolk,,"$5,000.00"
11/29/17,3:00 PM,On_Time,58-60 Bradstreet Avenue,Revere,MA,2151,Suffolk,,"$5,000.00"
11/30/17,9:00 AM,On_Time,75 Pinedale Street,Southbridge,MA,1550,Worcester,,"$5,000.00"
11/30/17,9:00 AM,On_Time,140 North Quincy Street,Brockton,MA,2302,Plymouth,,"$5,000.00"
11/30/17,9:00 AM,On_Time,21 Bagley Road,Holbrook,MA,2343,Norfolk,,"$5,000.00"
11/30/17,10:00 AM,On_Time,571 Nantasket Avenue,Hull,MA,2045,Plymouth,,"$5,000.00"
11/30/17,10:00 AM,On_Time,589 East Street,Pittsfield,MA,1201,Berkshire,,"$5,000.00"
11/30/17,10:00 AM,On_Time,131 East Brimfield Holland Road Holland and,Brimfield,MA,1010,Hampden,,"$5,000.00"
11/30/17,11:00 AM,On_Time,1028 Rockdale Avenue,New Bedford,MA,2740,Bristol,,"$5,000.00"
11/30/17,11:00 AM,On_Time,66 Maple Street,Acton,MA,1720,Middlesex,,"$5,000.00"
11/30/17,11:00 AM,On_Time,104 Catherine Street,Chicopee,MA,1013,Hampden,,"$5,000.00"
11/30/17,11:00 AM,On_Time,1020 West Boylston Street,Worcester,MA,1606,Worcester,,"$5,000.00"
11/30/17,11:00 AM,On_Time,72 Threshing Mill Road fka 219 Pound Road,Sanbornton,NH,3269,Belknap,,"$5,000.00"
11/30/17,12:00 PM,Canceled,44-46 Humbert Street,Springfield,MA,1109,Hampden,,"$5,000.00"
11/30/17,12:00 PM,On_Time,11 Cherry Street,Brockton,MA,2301,Plymouth,,"$5,000.00"
11/30/17,12:00 PM,On_Time,235 North Sturbridge Road,Charlton,MA,1507,Worcester,,"$5,000.00"
11/30/17,12:00 PM,On_Time,139 Clayton Mill River Road,New Marlborough (Mill River),MA,1244,Berkshire,,"$5,000.00"
11/30/17,1:00 PM,On_Time,230-232 Washington Street,Haverhill,MA,1832,Essex,,"$5,000.00"
11/30/17,1:00 PM,On_Time,174 Tyngsboro Road Unit #11,Chelmsford,MA,1863,Middlesex,,"$5,000.00"
11/30/17,1:00 PM,On_Time,64 Melville Road,Yarmouth (South Yarmouth),MA,2664,Barnstable,,"$5,000.00"
11/30/17,1:00 PM,On_Time,55-57 Virginia Street,Springfield,MA,1108,Hampden,,"$5,000.00"
11/30/17,1:00 PM,On_Time,1 Chamberlain Street,Hopkinton,MA,1748,Middlesex,,"$5,000.00"
11/30/17,1:00 PM,On_Time,9 New Castle Road,Ashland,MA,1721,Middlesex,,"$5,000.00"
11/30/17,1:00 PM,On_Time,18 Trim Street,Rehoboth,MA,2769,Bristol,,"$5,000.00"
11/30/17,2:00 PM,On_Time,2 West View Lane,Agawam(Feeding Hills),MA,1030,Hampden,,"$5,000.00"
11/30/17,2:00 PM,On_Time,30 Cleveland Avenue,Braintree,MA,2184,Norfolk,,"$5,000.00"
11/30/17,2:00 PM,On_Time,9 Park Ridge Drive,Huntington,MA,1050,Hampshire,,"$5,000.00"
11/30/17,3:00 PM,On_Time,45 Cowdrey Avenue,Lynn,MA,1904,Essex,,"$5,000.00"
11/30/17,3:00 PM,On_Time,152 Rocky Hill Road,Hadley,MA,1035,Hampshire,,"$5,000.00"
11/30/17,3:00 PM,On_Time,400 Adams Street,Milton,MA,2186,Norfolk,,"$5,000.00"
12/01/17,9:00 AM,On_Time,239 Pleasant Street,Berlin,MA,1503,Worcester,,"$5,000.00"
12/01/17,10:00 AM,On_Time,461 Prospect Street,Chicopee,MA,1020,Hampden,,"$5,000.00"
12/01/17,10:00 AM,On_Time,14 Cross Street,Douglas,MA,1516,Worcester,,"$5,000.00"
12/01/17,10:00 AM,On_Time,63 Revere Street,Holbrook,MA,2343,Norfolk,,"$5,000.00"
12/01/17,11:00 AM,On_Time,19 Bartlett Avenue,Plymouth,MA,2360,Plymouth,,"$5,000.00"
12/01/17,11:00 AM,On_Time,115 Planting Fields Road,Marshfield,MA,2050,Plymouth,,"$5,000.00"
12/01/17,12:00 PM,On_Time,21 Murray Street,Adams,MA,1220,Berkshire,,"$5,000.00"
12/01/17,12:00 PM,On_Time,417 Quarry Street,Quincy,MA,2169,Norfolk,,"$5,000.00"
12/01/17,12:00 PM,On_Time,14 Joseph Street,Dudley,MA,1571,Worcester,,"$5,000.00"
12/01/17,1:00 PM,On_Time,440 North Avenue Unit 191,Haverhill,MA,1830,Essex,,"$5,000.00"
12/01/17,1:00 PM,On_Time,56 Dorsey Street,Abington,MA,2351,Plymouth,,"$5,000.00"
12/01/17,1:00 PM,On_Time,30 Cross Street,Winchendon,MA,1475,Worcester,,"$5,000.00"
12/01/17,1:00 PM,On_Time,94 Durfee Street,New Bedford,MA,2740,Bristol,,"$5,000.00"
12/01/17,2:00 PM,On_Time,53 Burrill Avenue,Orange,MA,1364,Franklin,,"$5,000.00"
12/01/17,2:00 PM,On_Time,6 Greenview Lane,Taunton,MA,2780,Bristol,,"$5,000.00"
12/01/17,2:00 PM,On_Time,15 Ridgewood Drive,Taunton,MA,2780,Bristol,,"$5,000.00"
12/01/17,3:00 PM,On_Time,38 Heald Street,Pepperell,MA,1463,Middlesex,,"$5,000.00"
12/01/17,3:00 PM,On_Time,152 Glen Street,Rowley,MA,1969,Essex,,"$5,000.00"
12/01/17,3:00 PM,On_Time,53 Hancock Road,Malden,MA,2148,Middlesex,,"$5,000.00"
12/01/17,3:00 PM,On_Time,222 Audubon Road,Northampton (Leeds),MA,1053,Hampshire,,"$5,000.00"
12/04/17,9:00 AM,On_Time,85 Capitol Street,New Bedford,MA,2744,Bristol,,"$5,000.00"
12/04/17,10:00 AM,On_Time,738 Waverly Road,North Andover,MA,1845,Essex,,"$5,000.00"
12/04/17,10:00 AM,On_Time,1 Bradley Road,Danvers,MA,1923,Essex,,"$5,000.00"
12/04/17,10:00 AM,On_Time,50 Crapo Street,Bridgewater,MA,2324,Plymouth,,"$5,000.00"
12/04/17,11:00 AM,On_Time,150 Goodhue Road,Derry,NH,3038,Rockingham,,"$5,000.00"
12/04/17,11:00 AM,Canceled,10 Old Farm Road,Belchertown,MA,1007,Hampshire,,"$5,000.00"
12/04/17,12:00 PM,On_Time,223 Walnut Avenue,Boston (Roxbury),MA,2119,Suffolk,,"$5,000.00"
12/04/17,12:00 PM,On_Time,227 Franklin Street,Haverhill,MA,1830,Essex,,"$5,000.00"
12/04/17,12:00 PM,Canceled,27 Old North Road,Coventry,RI,2816,Kent,,"$5,000.00"
12/04/17,1:00 PM,On_Time,143 Essex Avenue,Gloucester,MA,1930,Essex,,"$5,000.00"
12/04/17,1:00 PM,On_Time,4 Pleasant Street,Richmond,RI,2832,Washington,,"$5,000.00"
12/04/17,1:00 PM,On_Time,21 Hazelwood Road,Dennis (South Dennis),MA,2660,Barnstable,,"$5,000.00"
12/04/17,2:00 PM,On_Time,25 Cedarwood Drive,East Providence,RI,2915,Providence,,"$5,000.00"
12/04/17,2:00 PM,On_Time,132 Wellington Street,Athol,MA,1331,Worcester,,"$5,000.00"
12/04/17,2:00 PM,On_Time,80 Robey Street Unit 1,Boston (Dorchester),MA,2125,Suffolk,,"$5,000.00"
12/04/17,3:00 PM,On_Time,156 Ridge Road,Smithfield,RI,2917,Providence,,"$5,000.00"
12/04/17,3:00 PM,On_Time,156-158 Burlington Street,Woburn,MA,1801,Middlesex,,"$5,000.00"
12/05/17,9:00 AM,On_Time,3 Louise Street,Newburyport,MA,1950,Essex,,"$5,000.00"
12/05/17,9:00 AM,On_Time,184 Webster Street,Malden,MA,2148,Middlesex,,"$5,000.00"
12/05/17,10:00 AM,On_Time,265 Maplehurst Avenue,Manchester,NH,3104,Hillsborough,,"$5,000.00"
12/05/17,10:00 AM,On_Time,"21 Bourne Street, a/k/a 2021 Bourne Street",Palmer (Three Rivers),MA,1080,Hampden,,"$5,000.00"
12/05/17,11:00 AM,On_Time,91 Ocean Drive,Barnstable (Hyannisport),MA,2601,Barnstable,,"$5,000.00"
12/05/17,12:00 PM,On_Time,18 Dartmouth Road,Plymouth,MA,2360,Plymouth,,"$5,000.00"
12/05/17,1:00 PM,On_Time,"107 Foster Street, Unit #208",Peabody,MA,1960,Essex,,"$5,000.00"
12/05/17,1:00 PM,On_Time,21 Ellen Street,North Attleboro,MA,2760,Bristol,,"$5,000.00"
12/05/17,2:00 PM,On_Time,15 Harrison Street,Quincy,MA,2169,Norfolk,,"$5,000.00"
12/05/17,2:00 PM,On_Time,33 Chestnut Street,Hopkinton,MA,1748,Middlesex,,"$5,000.00"
12/05/17,3:00 PM,On_Time,Lot 2 Lake George Road aka 4 Lake George Road,Wales,MA,1081,Hampden,,"$5,000.00"
12/05/17,3:00 PM,On_Time,88 Coleman Street,Abington,MA,2351,Plymouth,,"$5,000.00"
12/06/17,10:00 AM,On_Time,67 Hood Street Unit 1,Lynn,MA,1905,Essex,,"$5,000.00"
12/06/17,12:00 PM,On_Time,46 Mcauliffe Road,Randolph,MA,2368,Norfolk,,"$5,000.00"
12/06/17,12:00 PM,On_Time,1621 Old Smithfield Road,North Smithfield,RI,2896,Providence,,"$5,000.00"
12/06/17,2:00 PM,On_Time,12 West Bullfinch Street,North Attleboro,MA,2760,Bristol,,"$5,000.00"
12/06/17,3:00 PM,On_Time,107 Andrew Street,Newton,MA,2461,Middlesex,,"$5,000.00"
12/07/17,9:00 AM,On_Time,1 Lakeshore Drive,Monson,MA,1057,Hampden,,"$5,000.00"
12/07/17,10:00 AM,Canceled,58 Pine Street,Southbridge,MA,1550,Worcester,,"$5,000.00"
12/07/17,11:00 AM,On_Time,39 Main Street,Sutton (Manchaug),MA,1590,Worcester,,"$5,000.00"
12/07/17,2:00 PM,On_Time,60 Redwood Drive,Norwood,MA,2062,Norfolk,,"$5,000.00"
12/08/17,10:00 AM,On_Time,22 Chestnut Street,Gloucester,MA,1930,Essex,,"$5,000.00"
12/08/17,11:00 AM,On_Time,13 Elm Street,Concord (Penacook),NH,3303,Merrimack,,"$5,000.00"
12/08/17,12:00 PM,On_Time,"9 Bowling Lane, Bradford, RI 02808 a/k/a 9-11 Bowl",Westerly,RI,2808,Washington,,"$5,000.00"
12/08/17,1:00 PM,On_Time,605 North Stark Highway,Weare,NH,3281,Hillsborough,,"$5,000.00"
12/11/17,9:00 AM,On_Time,171 Webb Road,New Braintree,MA,1531,Worcester,,"$5,000.00"
12/11/17,10:00 AM,On_Time,64 Pierce Street,Westerly,RI,2891,Washington,,"$5,000.00"
12/11/17,10:00 AM,On_Time,4 D'alessandro Avenue,Dudley,MA,1571,Worcester,,"$5,000.00"
12/11/17,10:00 AM,On_Time,25 Drexel Street,Worcester,MA,1602,Worcester,,"$5,000.00"
12/11/17,11:00 AM,On_Time,119 Sampson Parkway,Pittsfield,MA,1201,Berkshire,,"$5,000.00"
12/11/17,11:00 AM,On_Time,230 Utley Road,New Braintree,MA,1531,Worcester,,"$5,000.00"
12/11/17,11:00 AM,On_Time,24-26 Hampton Street aka 24-26 Hampton Avenue,Providence,RI,2904,Providence,,"$5,000.00"
12/11/17,12:00 PM,On_Time,26 Shady Lane Drive,Wilmington,MA,1887,Middlesex,,"$5,000.00"
12/11/17,12:00 PM,On_Time,17 Dale Street,Saugus,MA,1906,Essex,,"$5,000.00"
12/11/17,12:00 PM,On_Time,320 Bedford Street Unit A-6 aka Unit 6,East Bridgewater,MA,2333,Plymouth,,"$5,000.00"
12/11/17,1:00 PM,On_Time,426 Mount Hope Street Building East Unit #508,North Attleboro,MA,2760,Bristol,,"$5,000.00"
12/11/17,2:00 PM,On_Time,285 Exeter Road,North Kingstown,RI,2852,Washington,,"$5,000.00"
12/11/17,2:00 PM,On_Time,16 Hartford Street,South Hadley,MA,1075,Hampshire,,"$5,000.00"
12/11/17,2:00 PM,On_Time,85 High Street,Malden,MA,2148,Middlesex,,"$5,000.00"
12/11/17,3:00 PM,On_Time,422 Little Tooky Road,Hopkinton (Contoocook),NH,3229,Merrimack,,"$5,000.00"
12/11/17,3:00 PM,On_Time,113 Winton Street,Springfield,MA,1118,Hampden,,"$5,000.00"
12/12/17,10:00 AM,On_Time,56 Irving Street,Everett,MA,2149,Middlesex,,"$5,000.00"
12/12/17,11:00 AM,On_Time,104 Pond View Drive,Kingston,MA,2364,Plymouth,,"$5,000.00"
12/12/17,11:00 AM,On_Time,34 Forest Street,Peabody,MA,1960,Essex,,"$5,000.00"
12/12/17,11:00 AM,On_Time,24 South Road,Templeton,MA,1468,Worcester,,"$5,000.00"
12/12/17,12:00 PM,On_Time,44 Pineo Farms Road Unit A,Seabrook,NH,3874,Rockingham,,"$5,000.00"
12/12/17,1:00 PM,On_Time,3 Brook Meadow Drive a/k/a 3 Brookmeadow Drive,Warner,NH,3278,Merrimack,,"$5,000.00"
12/12/17,2:00 PM,On_Time,87 Read Street,Fall River,MA,2720,Bristol,,"$5,000.00"
12/12/17,3:00 PM,On_Time,63 Gully Lane,Sandwich,MA,2563,Barnstable,,"$5,000.00"
12/13/17,11:00 AM,On_Time,584 Harvard Street,Boston (Mattapan),MA,2126,Suffolk,,"$5,000.00"
12/13/17,1:00 PM,On_Time,"12R Boyd Road aka 12R Boyd Road, Unit 14, aka 14 B",Derry,NH,3038,Rockingham,,"$5,000.00"
12/13/17,2:00 PM,On_Time,135 Booth Road,Dedham,MA,2026,Norfolk,,"$5,000.00"
12/13/17,3:00 PM,On_Time,201 Whitford Circle,Marshfield,MA,2050,Plymouth,,"$5,000.00"
12/14/17,12:00 AM,On_Time,163-165 Hillside Street,Boston (Roxbury),MA,2120,Suffolk,,"$5,000.00"
12/14/17,10:00 AM,On_Time,28 River Park Street,Needham,MA,2494,Norfolk,,"$5,000.00"
12/14/17,10:00 AM,On_Time,1 Hunting Lane,Lynnfield,MA,1940,Essex,,"$5,000.00"
12/14/17,1:00 PM,On_Time,28 Lempster Mountain Road,Washington,NH,3280,Sullivan,,"$5,000.00"
12/14/17,1:00 PM,On_Time,51 Dix Street Unit 2,Boston (Dorchester),MA,2122,Suffolk,,"$5,000.00"
12/14/17,3:00 PM,Canceled,132 Parker Road,Framingham,MA,1702,Middlesex,,"$5,000.00"
12/15/17,9:00 AM,On_Time,401 Pleasant Street,Norwood,MA,2062,Norfolk,,"$5,000.00"
12/15/17,11:00 AM,On_Time,70 Hancock Drive,North Kingstown,RI,2852,Washington,,"$5,000.00"
12/15/17,11:00 AM,On_Time,10 Chester Court,Laconia,NH,3246,Belknap,,"$5,000.00"
12/15/17,12:00 PM,On_Time,61 Raphael Avenue,Providence,RI,2904,Providence,,"$5,000.00"
12/15/17,12:00 PM,On_Time,367 Long Shores Drive,Barrington,NH,3825,Strafford,,"$5,000.00"
12/15/17,1:00 PM,On_Time,135 Allen Street,Manchester,NH,3102,Hillsborough,,"$5,000.00"
12/15/17,2:00 PM,On_Time,24 Ashaway Road,Westerly,RI,2891,Washington,,"$5,000.00"
12/15/17,2:00 PM,On_Time,20 Spectacle Pond Road,Wareham (East Wareham),MA,2538,Plymouth,,"$5,000.00"
12/18/17,9:00 AM,On_Time,335 Stony Hill Road,Wilbraham,MA,1095,Hampden,,"$5,000.00"
12/18/17,10:00 AM,On_Time,37 Markham Circle,Ayer,MA,1432,Middlesex,,"$5,000.00"
12/18/17,10:00 AM,On_Time,47 Brunswick Street,Springfield,MA,1108,Hampden,,"$5,000.00"
12/18/17,11:00 AM,On_Time,8 Locust Street,East Providence (Riverside),RI,2915,Providence,,"$5,000.00"
12/18/17,11:00 AM,On_Time,3-5 Sibley Avenue,Westfield,MA,1085,Hampden,,"$5,000.00"
12/18/17,11:00 AM,On_Time,319 Main Street,Fremont,NH,3044,Rockingham,,"$5,000.00"
12/18/17,1:00 PM,On_Time,367 Central Street,Burrillville,RI,2830,Providence,,"$5,000.00"
12/18/17,1:00 PM,On_Time,22 Salli Circle,Ludlow,MA,1056,Hampden,,"$5,000.00"
12/18/17,1:00 PM,On_Time,55 Stone Street,Saugus,MA,1906,Essex,,"$5,000.00"
12/18/17,2:00 PM,On_Time,46 Glenwood Road,Lynn,MA,1904,Essex,,"$5,000.00"
12/18/17,2:00 PM,On_Time,401 Colonial Drive Unit #31,Ipswich,MA,1938,Essex,,"$5,000.00"
12/18/17,3:00 PM,On_Time,26-28 Arnold Street,Lincoln,RI,2865,Providence,,"$5,000.00"
12/18/17,3:00 PM,On_Time,19 Malloy Road Extension aka Malloy Road a/k/a 19,Georgetown,MA,1833,Essex,,"$5,000.00"
12/18/17,3:00 PM,On_Time,160 Main Street,Dighton,MA,2715,Bristol,,"$5,000.00"
12/19/17,9:00 AM,On_Time,28 Alpine Street,Nashua,NH,3060,Hillsborough,,"$5,000.00"
12/19/17,10:00 AM,On_Time,203 River Road,Lincoln,RI,2865,Providence,,"$5,000.00"
12/19/17,12:00 PM,On_Time,250 Catamount Road,Pittsfield,NH,3263,Merrimack,,"$5,000.00"
12/19/17,1:00 PM,On_Time,165 Blake Hill Road,New Hampton,NH,3256,Belknap,,"$5,000.00"
12/19/17,2:00 PM,On_Time,111 Merrill Road,Springfield,MA,1119,Hampden,,"$5,000.00"
12/21/17,10:00 AM,On_Time,794 Potters Avenue AKA 9 Noyes Avenue,Providence,RI,2907,Providence,,"$5,000.00"
12/21/17,1:00 PM,On_Time,95 Royal Road,Brockton,MA,2302,Plymouth,,"$5,000.00"
12/22/17,9:00 AM,On_Time,351 Lake Street,Bellingham,MA,2019,Norfolk,,"$5,000.00"
12/22/17,10:00 AM,On_Time,38 Timber Lane,Topsfield,MA,1983,Essex,,"$5,000.00"
12/22/17,11:00 AM,On_Time,92 Holden Road,South Kingstown (Wakefield),RI,2879,Washington,,"$5,000.00"
12/27/17,12:00 PM,On_Time,"13 Maryland Street, Unit 3 a/k/a 13 Maryland Stree",Boston (Dorchester),MA,2125,Suffolk,,"$5,000.00"
12/27/17,3:00 PM,On_Time,6 Fox Vine Lane,Scituate,MA,2066,Plymouth,,"$5,000.00"
12/28/17,12:00 PM,On_Time,43 Sandy Beach Road,Plymouth,MA,2360,Plymouth,,"$5,000.00"
01/02/18,10:00 AM,On_Time,317 Lake Avenue,Worcester,MA,1604,Worcester,,"$5,000.00"
01/04/18,2:00 PM,On_Time,152 Belair Street,Brockton,MA,2301,Plymouth,,"$5,000.00"
01/08/18,2:00 PM,On_Time,453 Forest Street,Rockland,MA,2370,Plymouth,,"$5,000.00"
01/16/18,1:00 PM,On_Time,48 Narragansett Avenue,Oak Bluffs,MA,2557,Dukes,,"$5,000.00"
01/24/18,11:00 AM,On_Time,16 Temple Street,Melrose,MA,2176,Middlesex,,"$5,000.00"
02/05/18,2:00 PM,On_Time,224 Oak Hill Road AKA 104 Oak Hill Road,Barrington,NH,3825,Strafford,,"$5,000.00"
